symbol,setup,side,setup_date,entry_timestamp,entry,stop,target,exit_timestamp,exit,net_pct,r,exit_reason
EIHOTEL.NS,liquidity_sweep_short,-1,2023-08-23,2023-08-24 04:45:00+00:00,236.93147500000003,243.5675,217.02340000000015,2023-08-30 06:15:00+00:00,236.93147500000003,-0.2,-0.0,stop
BHARTIARTL.NS,liquidity_sweep_long,1,2023-08-31,2023-09-01 05:15:00+00:00,862.0808249999999,845.615,911.4782999999995,2023-09-13 08:45:00+00:00,911.4782999999995,5.530028272001021,3.0,target
DIVISLAB.NS,liquidity_sweep_long,1,2023-09-01,2023-09-04 03:45:00+00:00,3621.81,3522.34,3920.2199999999993,2023-09-15 09:45:00+00:00,3812.85,5.07471071094287,1.9205790690660536,time
HINDPETRO.NS,liquidity_sweep_long,1,2023-09-01,2023-09-04 04:15:00+00:00,136.4682,132.3225,148.9053,2023-09-12 03:45:00+00:00,141.75625,3.67493203544855,1.275550570470606,stop
AUROPHARMA.NS,liquidity_sweep_long,1,2023-09-04,2023-09-05 04:15:00+00:00,837.168375,813.8199999999999,907.2135000000001,2023-09-13 08:45:00+00:00,907.2135000000001,8.16691006155125,3.0,target
GRASIM.NS,liquidity_sweep_short,-1,2023-09-05,2023-09-06 04:15:00+00:00,1831.333875,1867.5275,1722.7530000000004,2023-09-12 05:15:00+00:00,1867.5275,-2.176353164984724,-1.0,stop
LICHSGFIN.NS,liquidity_sweep_short,-1,2023-09-05,2023-09-06 05:15:00+00:00,446.62657500000006,460.015,406.4613000000003,2023-09-14 03:45:00+00:00,460.015,-3.1976776460289953,-1.0,stop
PARADEEP.NS,liquidity_sweep_short,-1,2023-09-07,2023-09-08 03:45:00+00:00,72.66365,74.98,65.7146,2023-09-13 04:15:00+00:00,65.7146,9.363309853000779,3.0,target
DEEPAKFERT.NS,liquidity_sweep_short,-1,2023-09-08,2023-09-11 04:15:00+00:00,656.8714000000001,675.545,600.8506000000006,2023-09-14 03:45:00+00:00,636.9375,2.834673149112612,1.0674910033416303,stop
TRENT.NS,liquidity_sweep_short,-1,2023-09-26,2023-09-27 04:15:00+00:00,1413.9926500000001,1460.105,1275.6556000000005,2023-10-11 09:45:00+00:00,1402.0,0.6481409008738579,0.2600745787191538,time
HDFCLIFE.NS,liquidity_sweep_long,1,2023-10-05,2023-10-06 04:45:00+00:00,632.065875,618.655,672.2985000000001,2023-10-09 08:15:00+00:00,618.655,-2.3217527366115176,-1.0,stop
TEGA.NS,liquidity_sweep_long,1,2023-10-11,2023-10-12 03:45:00+00:00,897.34845,866.79,989.0237999999999,2023-10-12 09:45:00+00:00,866.79,-3.6054162571964095,-1.0,stop
CARTRADE.NS,liquidity_sweep_short,-1,2023-10-16,2023-10-17 03:45:00+00:00,679.6600000000001,701.5425,614.0125000000003,2023-10-23 09:45:00+00:00,614.0125000000003,9.458873554424242,3.0,target
DABUR.NS,liquidity_sweep_long,1,2023-10-16,2023-10-17 03:45:00+00:00,540.720225,533.8,561.4809000000002,2023-10-18 09:15:00+00:00,533.8,-1.4798161933003473,-1.0,stop
EIDPARRY.NS,liquidity_sweep_long,1,2023-10-19,2023-10-20 03:45:00+00:00,500.6501999999999,490.53,531.0107999999998,2023-10-23 03:45:00+00:00,490.53,-2.2214113566717755,-1.0,stop
HAVELLS.NS,liquidity_sweep_long,1,2023-11-01,2023-11-02 05:15:00+00:00,1258.629,1229.5224999999998,1345.9485000000002,2023-11-16 09:45:00+00:00,1275.05,1.1046735773607672,0.56416951540034,time
JSWDULUX.NS,liquidity_sweep_long,1,2023-11-01,2023-11-02 03:45:00+00:00,2426.262525,2351.7999999999997,2649.650100000001,2023-11-16 09:45:00+00:00,2468.0,1.520237384452035,0.5605165148509226,time
CREDITACC.NS,liquidity_sweep_short,-1,2023-11-07,2023-11-08 03:45:00+00:00,1670.914125,1718.9575,1526.784,2023-11-10 04:15:00+00:00,1718.9575,-3.0752749337133034,-1.0,stop
PIDILITIND.NS,liquidity_sweep_short,-1,2023-11-09,2023-11-10 03:45:00+00:00,1218.09065,1251.885,1116.7076000000004,2023-11-17 03:45:00+00:00,1251.885,-2.9743706923618447,-1.0,stop
ACC.NS,liquidity_sweep_long,1,2023-11-13,2023-11-15 03:45:00+00:00,1849.1241,1811.65,1961.5463999999997,2023-11-22 07:15:00+00:00,1811.65,-2.2265865335917643,-1.0,stop
SBICARD.NS,liquidity_sweep_long,1,2023-11-17,2023-11-20 03:45:00+00:00,739.9698,719.5849999999999,801.1242000000001,2023-12-04 09:45:00+00:00,753.0,1.5609097019905456,0.639211569404655,time
DELHIVERY.NS,liquidity_sweep_long,1,2023-11-23,2023-11-24 03:45:00+00:00,391.34557499999994,379.0325,428.2847999999997,2023-12-08 09:45:00+00:00,384.5,-1.9492404251664122,-0.5559598231960732,time
BHARATFORG.NS,liquidity_sweep_short,-1,2024-01-09,2024-01-10 05:15:00+00:00,1257.920725,1292.875,1153.0578999999998,2024-01-11 03:45:00+00:00,1292.875,-2.978734327634204,-1.0,stop
KOTAKBANK.NS,liquidity_sweep_long,1,2024-01-25,2024-01-29 03:45:00+00:00,360.07994999999994,349.935,390.51479999999975,2024-02-08 08:45:00+00:00,349.935,-3.0174159655376367,-1.0,stop
AUBANK.NS,liquidity_sweep_long,1,2024-01-30,2024-01-31 05:15:00+00:00,632.5661249999999,611.1975,696.6719999999998,2024-02-08 05:15:00+00:00,611.1975,-3.5780855716862727,-1.0,stop
ITC.NS,liquidity_sweep_long,1,2024-02-16,2024-02-19 03:45:00+00:00,339.419625,328.59749999999997,371.8860000000001,2024-03-01 09:45:00+00:00,338.2,-0.5593266005169877,-0.11269736766115754,time
SBILIFE.NS,liquidity_sweep_long,1,2024-04-04,2024-04-05 03:45:00+00:00,1480.289775,1443.58,1590.4191,2024-04-15 03:45:00+00:00,1480.289775,-0.2,0.0,stop
SAIL.NS,liquidity_sweep_short,-1,2024-04-10,2024-04-12 03:45:00+00:00,151.42425,156.0875,137.43449999999999,2024-04-12 05:15:00+00:00,156.0875,-3.279592601581322,-1.0,stop
ABBOTINDIA.NS,liquidity_sweep_long,1,2024-04-19,2024-04-22 04:45:00+00:00,25797.892499999998,25071.75,27976.319999999992,2024-04-24 03:45:00+00:00,25071.75,-3.014735738587942,-1.0,stop
DRREDDY.NS,liquidity_sweep_long,1,2024-04-19,2024-04-22 04:45:00+00:00,1208.0037,1173.8625000000002,1310.4272999999994,2024-05-06 08:45:00+00:00,1251.0062500000001,3.3598028383522465,1.2595500451068038,stop
LT.NS,liquidity_sweep_long,1,2024-04-19,2024-04-22 04:15:00+00:00,3578.68845,3464.4025,3921.5463,2024-05-06 04:15:00+00:00,3464.4025,-3.393514931426902,-1.0,stop
PIDILITIND.NS,liquidity_sweep_long,1,2024-04-19,2024-04-22 04:45:00+00:00,1440.41985,1399.37,1563.5694000000003,2024-05-02 04:15:00+00:00,1514.475,4.941219763112811,1.8040297345788041,stop
ABBOTINDIA.NS,liquidity_sweep_long,1,2024-04-25,2024-04-26 05:15:00+00:00,25342.664999999997,24576.75,27640.40999999999,2024-05-10 09:45:00+00:00,25770.0,1.4862275534163547,0.5579405025361879,time
TITAGARH.NS,liquidity_sweep_short,-1,2024-04-26,2024-04-29 04:45:00+00:00,1032.4835,1064.2475,937.1915000000004,2024-05-02 03:45:00+00:00,1064.2475,-3.2764656287485363,-1.0,stop
LT.NS,liquidity_sweep_long,1,2024-05-13,2024-05-14 05:15:00+00:00,3320.6094749999997,3217.5625,3629.750399999999,2024-05-24 03:45:00+00:00,3629.750399999999,9.109764587719225,3.0,target
GICRE.NS,liquidity_sweep_short,-1,2024-05-23,2024-05-24 03:45:00+00:00,351.57412500000004,363.4175,316.0440000000001,2024-06-03 06:45:00+00:00,351.57412500000004,-0.2,-0.0,stop
BANDHANBNK.NS,liquidity_sweep_short,-1,2024-07-30,2024-07-31 03:45:00+00:00,215.4922,222.8925,193.29129999999995,2024-08-13 03:45:00+00:00,193.29129999999995,10.102414658163983,3.0,target
SAMMAANCAP.NS,liquidity_sweep_short,-1,2024-08-22,2024-08-23 03:45:00+00:00,173.89301,179.865,155.97704,2024-09-05 08:15:00+00:00,166.0425,4.314563293832233,1.3145551147942323,stop
POWERGRID.NS,liquidity_sweep_long,1,2024-08-29,2024-08-30 04:15:00+00:00,337.51867500000003,328.1175,365.7222000000001,2024-09-06 04:15:00+00:00,328.1175,-2.985379209017108,-1.0,stop
IOC.NS,liquidity_sweep_short,-1,2024-09-02,2024-09-03 04:45:00+00:00,167.85603,172.404,154.21212000000003,2024-09-05 05:15:00+00:00,172.404,-2.909446899226672,-1.0,stop
ASAHIINDIA.NS,liquidity_sweep_short,-1,2024-09-05,2024-09-06 04:15:00+00:00,677.910875,700.7625,609.356,2024-09-09 09:15:00+00:00,700.7625,-3.570889278033785,-1.0,stop
JKTYRE.NS,liquidity_sweep_short,-1,2024-09-05,2024-09-06 03:45:00+00:00,416.49165,428.8925,379.2891,2024-09-10 03:45:00+00:00,428.8925,-3.1774546500512058,-1.0,stop
SRF.NS,liquidity_sweep_short,-1,2024-09-05,2024-09-06 03:45:00+00:00,2581.2087500000002,2654.895,2360.150000000001,2024-09-19 09:45:00+00:00,2405.0,6.626598197453043,2.3913382754584585,time
BEL.NS,liquidity_sweep_long,1,2024-09-09,2024-09-10 04:45:00+00:00,284.89237499999996,275.085,314.3144999999999,2024-09-19 04:15:00+00:00,275.085,-3.642484201270736,-1.0,stop
POWERGRID.NS,liquidity_sweep_long,1,2024-09-09,2024-09-10 03:45:00+00:00,332.66625,322.975,361.7399999999999,2024-09-23 09:45:00+00:00,341.95,2.590709908203792,0.9579517606087995,time
ADANIENT.NS,liquidity_sweep_long,1,2024-09-19,2024-09-20 04:15:00+00:00,2886.4424999999997,2796.805,3155.354999999999,2024-10-01 04:15:00+00:00,3019.7625,4.418834430271872,1.4873239436619767,stop
JSWSTEEL.NS,liquidity_sweep_short,-1,2024-09-24,2024-09-25 04:15:00+00:00,983.20815,1011.8425,897.3051000000003,2024-09-27 03:45:00+00:00,1011.8425,-3.1123385521163476,-1.0,stop
M&M.NS,liquidity_sweep_short,-1,2024-09-27,2024-09-30 04:15:00+00:00,3130.384025,3228.0299999999997,2837.4461,2024-10-08 04:45:00+00:00,3130.384025,-0.2,-0.0,stop
TATASTEEL.NS,liquidity_sweep_short,-1,2024-09-30,2024-10-01 04:15:00+00:00,162.488715,166.61100000000002,150.12186,2024-10-09 04:45:00+00:00,157.7475,2.7178734043161157,1.150142457399235,stop
NH.NS,liquidity_sweep_long,1,2024-11-05,2024-11-06 04:15:00+00:00,1220.61,1181.6875,1337.3774999999996,2024-11-13 03:45:00+00:00,1270.54375,3.890884885426151,1.282901920483018,stop
LTTS.NS,liquidity_sweep_short,-1,2024-11-26,2024-11-27 03:45:00+00:00,5423.586850000001,5562.765,5006.052400000001,2024-12-10 05:45:00+00:00,5423.586850000001,-0.2,-0.0,stop
SUNPHARMA.NS,liquidity_sweep_long,1,2024-11-28,2024-11-29 03:45:00+00:00,1766.332725,1719.3325,1907.3334,2024-12-12 09:45:00+00:00,1804.65,1.9693124096990335,0.8152572673854244,time
CANFINHOME.NS,liquidity_sweep_long,1,2024-12-09,2024-12-10 03:45:00+00:00,819.859725,792.9875,900.4764000000002,2024-12-13 04:45:00+00:00,792.9875,-3.4776613096831985,-1.0,stop
APLAPOLLO.NS,liquidity_sweep_short,-1,2024-12-10,2024-12-11 04:45:00+00:00,1607.4458750000001,1650.8049999999998,1477.368500000001,2024-12-24 09:45:00+00:00,1513.6,5.6381981290661,2.1643858126749747,time
IREDA.NS,liquidity_sweep_short,-1,2024-12-11,2024-12-12 03:45:00+00:00,221.30929,228.5285,199.65166,2024-12-19 09:15:00+00:00,212.61124999999998,3.7302642921135485,1.2048465136767064,stop
M&MFIN.NS,liquidity_sweep_long,1,2024-12-26,2024-12-27 03:45:00+00:00,249.474675,242.73749999999998,269.6862,2025-01-09 09:45:00+00:00,259.7,3.8987426880103158,1.5177466816581113,time
MSUMI.NS,liquidity_sweep_long,1,2024-12-31,2025-01-01 03:45:00+00:00,39.089535,38.248999999999995,41.611140000000006,2025-01-06 03:45:00+00:00,39.089535,-0.2,0.0,stop
EICHERMOT.NS,liquidity_sweep_short,-1,2025-01-03,2025-01-06 05:15:00+00:00,5239.379,5393.76,4776.235999999999,2025-01-17 09:45:00+00:00,5021.25,3.9632605696209398,1.4129264611577814,time
MUTHOOTFIN.NS,liquidity_sweep_short,-1,2025-01-03,2025-01-06 03:45:00+00:00,2212.99295,2281.43,2007.6817999999998,2025-01-16 04:15:00+00:00,2212.99295,-0.2,-0.0,stop
KPITTECH.NS,liquidity_sweep_long,1,2025-01-17,2025-01-20 04:45:00+00:00,1334.817075,1295.8125,1451.8307999999997,2025-01-22 03:45:00+00:00,1295.8125,-3.1220914034231946,-1.0,stop
BATAINDIA.NS,liquidity_sweep_long,1,2025-01-28,2025-01-29 03:45:00+00:00,1220.61,1183.6625,1331.4524999999999,2025-02-01 08:45:00+00:00,1331.4524999999999,8.880910364489885,3.0,target
TATACHEM.NS,liquidity_sweep_short,-1,2025-04-24,2025-04-25 03:45:00+00:00,851.623975,877.0725,775.2783999999999,2025-04-29 03:45:00+00:00,851.623975,-0.2,-0.0,stop
INOXWIND.NS,liquidity_sweep_short,-1,2025-05-28,2025-05-29 03:45:00+00:00,189.44523,195.237,172.06992000000005,2025-06-02 03:45:00+00:00,195.237,-3.257226619007502,-1.0,stop
APTUS.NS,liquidity_sweep_long,1,2025-06-05,2025-06-06 04:15:00+00:00,310.60522499999996,302.6925,334.34339999999986,2025-06-11 08:15:00+00:00,322.03125,3.4786325793457076,1.4440063315735208,stop
BAJAJFINSV.NS,liquidity_sweep_long,1,2025-06-05,2025-06-06 05:15:00+00:00,1985.89245,1924.385,2170.4148000000005,2025-06-11 03:45:00+00:00,1985.89245,-0.2,0.0,stop
CASTROLIND.NS,liquidity_sweep_short,-1,2025-06-10,2025-06-11 04:15:00+00:00,207.486205,212.833,191.44582000000005,2025-06-16 08:15:00+00:00,200.8125,3.0164572097696865,1.2481692303520202,stop
LTF.NS,liquidity_sweep_short,-1,2025-06-10,2025-06-11 03:45:00+00:00,190.9045,197.5565,170.94850000000005,2025-06-24 04:45:00+00:00,197.5565,-3.684464745461729,-1.0,stop
MINDACORP.NS,liquidity_sweep_short,-1,2025-06-11,2025-06-12 04:15:00+00:00,567.01635,586.6175,508.2129000000001,2025-06-18 04:15:00+00:00,547.4152,3.2568932624253177,1.0,stop
DEVYANI.NS,liquidity_sweep_long,1,2025-06-16,2025-06-17 04:45:00+00:00,167.67379499999998,163.0765,181.4656799999999,2025-06-19 06:45:00+00:00,167.67379499999998,-0.2,0.0,stop
NUVOCO.NS,liquidity_sweep_long,1,2025-06-23,2025-06-24 04:45:00+00:00,343.7718,334.685,371.03219999999993,2025-07-07 06:15:00+00:00,352.9375,2.4662163679510694,1.00868292468196,stop
ASTERDM.NS,liquidity_sweep_short,-1,2025-06-26,2025-06-27 03:45:00+00:00,589.4551250000001,608.2275000000001,533.138,2025-07-03 03:45:00+00:00,608.2275000000001,-3.3846995986335706,-1.0,stop
LUPIN.NS,liquidity_sweep_long,1,2025-06-26,2025-06-27 05:15:00+00:00,1949.1741,1906.795,2076.3113999999996,2025-07-01 05:45:00+00:00,1906.795,-2.374208040215591,-1.0,stop
BOSCHLTD.NS,liquidity_sweep_short,-1,2025-06-30,2025-07-01 04:45:00+00:00,32358.8125,32943.5,30604.75,2025-07-03 04:15:00+00:00,32943.5,-2.0068879999845484,-1.0,stop
SOLARINDS.NS,liquidity_sweep_short,-1,2025-06-30,2025-07-01 04:45:00+00:00,17416.287500000002,17857.3,16093.250000000011,2025-07-10 07:15:00+00:00,16093.250000000011,7.396552939310349,3.0,target
TATASTEEL.NS,liquidity_sweep_short,-1,2025-07-03,2025-07-04 03:45:00+00:00,163.49821000000003,169.0555,146.82634000000013,2025-07-17 09:45:00+00:00,159.97,1.9579502307701284,0.6348795905918264,time
LODHA.NS,liquidity_sweep_long,1,2025-07-08,2025-07-09 05:15:00+00:00,1390.695,1348.21,1518.1499999999996,2025-07-22 09:45:00+00:00,1444.0,3.6329755985316745,1.2546781216900127,time
IREDA.NS,liquidity_sweep_long,1,2025-07-14,2025-07-15 05:15:00+00:00,160.410165,156.1035,173.33016000000003,2025-07-21 03:45:00+00:00,156.1035,-2.8847830996246464,-1.0,stop
AXISBANK.NS,liquidity_sweep_long,1,2025-07-21,2025-07-22 04:45:00+00:00,1107.5535,1070.19,1219.6439999999998,2025-07-28 08:15:00+00:00,1070.19,-3.5735164937856214,-1.0,stop
SONACOMS.NS,liquidity_sweep_short,-1,2025-07-21,2025-07-22 03:45:00+00:00,483.10832500000004,497.4275,440.1508000000001,2025-07-23 07:15:00+00:00,483.10832500000004,-0.2,-0.0,stop
AARTIIND.NS,liquidity_sweep_long,1,2025-07-23,2025-07-24 04:15:00+00:00,430.965375,416.5525,474.20399999999995,2025-07-31 04:15:00+00:00,430.965375,-0.2,0.0,stop
CANBK.NS,liquidity_sweep_long,1,2025-07-23,2025-07-24 03:45:00+00:00,105.482715,102.67949999999999,113.89236000000002,2025-07-30 06:15:00+00:00,105.482715,-0.2,0.0,stop
JSWINFRA.NS,liquidity_sweep_short,-1,2025-07-23,2025-07-24 03:45:00+00:00,319.44020000000006,329.1225,290.39330000000024,2025-08-06 09:45:00+00:00,300.0,5.885708686633698,2.0078080621340155,time
KEC.NS,liquidity_sweep_long,1,2025-07-23,2025-07-24 03:45:00+00:00,878.439,849.93,963.966,2025-08-01 06:45:00+00:00,849.93,-3.4454160163653955,-1.0,stop
TIMKEN.NS,liquidity_sweep_short,-1,2025-07-23,2025-07-24 03:45:00+00:00,3474.36195,3583.445,3147.1127999999994,2025-08-01 09:15:00+00:00,3147.1127999999994,9.218971158143168,3.0,target
ITC.NS,liquidity_sweep_long,1,2025-07-30,2025-07-31 04:15:00+00:00,390.645225,386.48,403.1408999999999,2025-08-05 03:45:00+00:00,395.475,1.036358386308201,1.1595472033323728,stop
BLUEDART.NS,liquidity_sweep_long,1,2025-08-07,2025-08-08 03:45:00+00:00,5855.9265,5710.225,6293.030999999997,2025-08-22 09:45:00+00:00,5802.0,-1.1208875828615605,-0.3701162994203894,time
GAIL.NS,liquidity_sweep_long,1,2025-08-07,2025-08-08 03:45:00+00:00,165.62276999999997,161.907,176.77007999999987,2025-08-22 09:45:00+00:00,170.97,3.0285596962301895,1.4390637741302816,time
BAJAJ-AUTO.NS,liquidity_sweep_short,-1,2025-08-20,2025-08-21 03:45:00+00:00,8740.6275,8887.025,8301.435000000003,2025-08-25 03:45:00+00:00,8740.6275,-0.2,-0.0,stop
APOLLOTYRE.NS,liquidity_sweep_short,-1,2025-08-25,2025-08-26 03:45:00+00:00,457.27125,472.39750000000004,411.8924999999999,2025-09-02 03:45:00+00:00,472.39750000000004,-3.5079381220665042,-1.0,stop
AUBANK.NS,liquidity_sweep_long,1,2025-09-05,2025-09-08 04:15:00+00:00,701.4005249999999,680.53,764.0120999999997,2025-09-19 09:45:00+00:00,716.65,1.9741465049516578,0.7306704071890922,time
SCHAEFFLER.NS,liquidity_sweep_long,1,2025-09-05,2025-09-08 05:15:00+00:00,3877.9379999999996,3761.57,4227.041999999998,2025-09-19 09:45:00+00:00,4135.0,6.428832126764285,2.209043723360387,time
AMBUJACEM.NS,liquidity_sweep_long,1,2025-09-11,2025-09-12 04:45:00+00:00,567.133425,548.0725,624.3162,2025-09-25 09:45:00+00:00,580.95,2.236212430963676,0.7248638248143812,time
IFCI.NS,liquidity_sweep_short,-1,2025-09-18,2025-09-19 03:45:00+00:00,58.420775000000006,60.375,52.558100000000024,2025-09-19 05:45:00+00:00,60.375,-3.5450857165109393,-1.0,stop
BIOCON.NS,liquidity_sweep_short,-1,2025-09-19,2025-09-22 03:45:00+00:00,365.56712500000003,374.62,338.4085000000001,2025-09-26 08:45:00+00:00,338.4085000000001,7.229175968708869,3.0,target
DLF.NS,liquidity_sweep_long,1,2025-09-30,2025-10-01 03:45:00+00:00,722.8612499999999,707.1925,769.8674999999997,2025-10-15 09:45:00+00:00,756.7,4.481223402139777,2.1596330275229527,time
ENGINERSIN.NS,liquidity_sweep_long,1,2025-09-30,2025-10-01 03:45:00+00:00,197.0985,190.618,216.54000000000002,2025-10-14 07:15:00+00:00,197.0985,-0.2,0.0,stop
ESCORTS.NS,liquidity_sweep_long,1,2025-09-30,2025-10-01 04:45:00+00:00,3516.6574499999997,3394.17,3884.1197999999986,2025-10-07 03:45:00+00:00,3516.6574499999997,-0.2,0.0,stop
ICICIBANK.NS,liquidity_sweep_long,1,2025-09-30,2025-10-01 04:15:00+00:00,1365.6825,1340.975,1439.8049999999998,2025-10-15 09:45:00+00:00,1399.0,2.2396226795027476,1.348477183041592,time
JSL.NS,liquidity_sweep_long,1,2025-09-30,2025-10-01 04:15:00+00:00,752.7761999999999,727.5275,828.5222999999995,2025-10-07 06:45:00+00:00,752.7761999999999,-0.2,0.0,stop
GICRE.NS,liquidity_sweep_short,-1,2025-10-07,2025-10-08 03:45:00+00:00,365.467175,377.05,330.71869999999996,2025-10-17 04:45:00+00:00,377.05,-3.369320199550073,-1.0,stop
ABB.NS,liquidity_sweep_long,1,2025-10-09,2025-10-10 03:45:00+00:00,5208.603,5066.955,5633.5470000000005,2025-10-27 09:45:00+00:00,5233.0,0.26839814821747665,0.17223681237998356,time
WHIRLPOOL.NS,liquidity_sweep_long,1,2025-10-09,2025-10-10 04:45:00+00:00,1169.68455,1130.725,1286.5632,2025-10-17 03:45:00+00:00,1286.5632,9.792322288945352,3.0,target
CREDITACC.NS,liquidity_sweep_long,1,2025-10-20,2025-10-23 04:15:00+00:00,1302.8510999999999,1261.04,1428.2843999999996,2025-10-24 09:45:00+00:00,1428.2843999999996,9.427600575384226,3.0,target
APOLLOHOSP.NS,liquidity_sweep_short,-1,2025-10-23,2025-10-24 04:15:00+00:00,7896.05,8110.9,7251.500000000002,2025-11-07 09:45:00+00:00,7642.0,3.017431500560409,1.1824528740982119,time
JSWCEMENT.NS,liquidity_sweep_long,1,2025-10-24,2025-10-27 03:45:00+00:00,137.08851,133.4025,148.14654000000004,2025-11-06 03:45:00+00:00,133.4025,-2.8887811385505686,-1.0,stop
GRASIM.NS,liquidity_sweep_long,1,2025-11-07,2025-11-10 03:45:00+00:00,2744.9718,2670.825,2967.4121999999998,2025-11-21 09:45:00+00:00,2723.0,-1.000438095575328,-0.29632836481142555,time
INDIGO.NS,liquidity_sweep_long,1,2025-11-10,2025-11-11 04:15:00+00:00,5651.8245,5530.4,6016.098,2025-11-18 04:15:00+00:00,5799.5,2.412881910965216,1.2161919546714228,stop
PFC.NS,liquidity_sweep_long,1,2025-11-11,2025-11-12 03:45:00+00:00,380.08994999999993,368.7125,414.2222999999998,2025-11-24 03:45:00+00:00,368.7125,-3.193357230308235,-1.0,stop
TORNTPHARM.NS,liquidity_sweep_short,-1,2025-11-11,2025-11-12 04:45:00+00:00,3791.80315,3888.245,3502.477600000001,2025-11-25 09:45:00+00:00,3738.4,1.2083840296403596,0.5537341931951768,time
DELHIVERY.NS,liquidity_sweep_long,1,2025-11-12,2025-11-13 04:15:00+00:00,434.71725,421.0325,475.77149999999983,2025-11-21 03:45:00+00:00,421.0325,-3.34796571794654,-1.0,stop
FORTIS.NS,liquidity_sweep_long,1,2025-11-19,2025-11-20 04:15:00+00:00,938.8692,910.29,1024.6068,2025-11-28 05:15:00+00:00,910.29,-3.24400229552743,-1.0,stop
LTM.NS,liquidity_sweep_short,-1,2025-11-20,2025-11-21 03:45:00+00:00,5954.521250000001,6101.85,5512.535000000002,2025-11-28 09:45:00+00:00,6101.85,-2.67423333991796,-1.0,stop
CGPOWER.NS,liquidity_sweep_long,1,2025-11-25,2025-11-26 03:45:00+00:00,688.8942749999999,676.1949999999999,726.9920999999997,2025-11-28 03:45:00+00:00,676.1949999999999,-2.0434287322245415,-1.0,stop
HAVELLS.NS,liquidity_sweep_long,1,2025-11-25,2025-11-26 04:15:00+00:00,1441.2202499999999,1410.08,1534.6409999999996,2025-12-03 05:45:00+00:00,1410.08,-2.3606864044548312,-1.0,stop
IRFC.NS,liquidity_sweep_long,1,2025-11-25,2025-11-26 03:45:00+00:00,118.31913,115.4805,126.83501999999999,2025-12-03 04:15:00+00:00,115.4805,-2.599130216728263,-1.0,stop
NTPCGREEN.NS,liquidity_sweep_long,1,2025-11-25,2025-11-26 04:15:00+00:00,95.657805,93.511,102.09822,2025-12-02 04:15:00+00:00,93.511,-2.444254925146987,-1.0,stop
SOLARINDS.NS,liquidity_sweep_long,1,2025-11-28,2025-12-01 04:45:00+00:00,13411.7025,13103.9,14335.109999999999,2025-12-03 04:15:00+00:00,13103.9,-2.495029285059073,-1.0,stop
ADANIPORTS.NS,liquidity_sweep_short,-1,2025-12-01,2025-12-02 03:45:00+00:00,1518.74025,1551.59,1420.1910000000005,2025-12-10 03:45:00+00:00,1518.74025,-0.2,-0.0,stop
LODHA.NS,liquidity_sweep_long,1,2025-12-04,2025-12-05 05:15:00+00:00,1122.66105,1091.03,1217.5541999999998,2025-12-08 04:45:00+00:00,1091.03,-3.0175066730960305,-1.0,stop
MAHABANK.NS,liquidity_sweep_long,1,2025-12-04,2025-12-05 04:15:00+00:00,57.158565,55.6305,61.74276000000002,2025-12-09 03:45:00+00:00,55.6305,-2.8733788715654516,-1.0,stop
SHRIRAMFIN.NS,liquidity_sweep_short,-1,2025-12-18,2025-12-19 03:45:00+00:00,858.120725,878.8475,795.9404000000001,2025-12-19 06:45:00+00:00,878.8475,-2.615368187267587,-1.0,stop
ATGL.NS,liquidity_sweep_long,1,2025-12-24,2025-12-26 03:45:00+00:00,571.1354249999999,560.09,604.2716999999997,2026-01-01 04:15:00+00:00,604.2716999999997,5.601824497228434,3.0,target
BOSCHLTD.NS,liquidity_sweep_long,1,2025-12-30,2025-12-31 04:45:00+00:00,36073.0275,34933.0,39493.109999999986,2026-01-02 09:15:00+00:00,39493.109999999986,9.280996570082703,3.0,target
CLEAN.NS,liquidity_sweep_long,1,2026-01-06,2026-01-07 04:15:00+00:00,869.2844249999999,854.2,914.5376999999996,2026-01-08 09:45:00+00:00,854.2,-1.9352692129506286,-1.0,stop
TATACHEM.NS,liquidity_sweep_long,1,2026-01-06,2026-01-07 03:45:00+00:00,763.731675,740.82,832.4666999999998,2026-01-20 03:45:00+00:00,740.82,-3.1999639598553964,-1.0,stop
PETRONET.NS,liquidity_sweep_short,-1,2026-01-07,2026-01-08 03:45:00+00:00,290.15485,300.27,259.8094000000001,2026-01-22 09:45:00+00:00,276.5,4.50605609384093,1.3499404358808371,time
SHYAMMETL.NS,liquidity_sweep_long,1,2026-01-12,2026-01-13 03:45:00+00:00,811.255425,791.2175,871.3691999999999,2026-01-16 08:45:00+00:00,811.255425,-0.2,0.0,stop
SONACOMS.NS,liquidity_sweep_long,1,2026-01-12,2026-01-13 04:15:00+00:00,460.22999999999996,445.87,503.30999999999983,2026-01-19 09:45:00+00:00,445.87,-3.3201790409143164,-1.0,stop
HDFCAMC.NS,liquidity_sweep_long,1,2026-01-13,2026-01-14 03:45:00+00:00,2466.8327999999997,2397.54,2674.711199999999,2026-01-16 06:45:00+00:00,2567.95,3.899069868051055,1.4592742680336277,stop
ABB.NS,liquidity_sweep_long,1,2026-01-21,2026-01-22 03:45:00+00:00,4790.894249999999,4628.8,5277.176999999997,2026-01-29 05:45:00+00:00,5277.176999999997,9.95014576871526,3.0,target
RELIANCE.NS,liquidity_sweep_long,1,2026-01-21,2026-01-22 04:15:00+00:00,1416.9080999999999,1370.65,1555.6823999999992,2026-01-27 03:45:00+00:00,1370.65,-3.464721261738838,-1.0,stop
BATAINDIA.NS,liquidity_sweep_long,1,2026-01-27,2026-01-28 04:15:00+00:00,831.465525,809.835,896.3570999999997,2026-02-09 09:45:00+00:00,853.65,2.4681172379335896,1.0256096419296388,time
CENTRALBK.NS,liquidity_sweep_long,1,2026-01-27,2026-01-28 05:15:00+00:00,36.588285,35.4035,40.14263999999999,2026-02-09 09:45:00+00:00,37.79,3.084425602347855,1.0142895124431877,time
CONCOR.NS,liquidity_sweep_long,1,2026-01-27,2026-01-28 03:45:00+00:00,488.64419999999996,471.745,539.3417999999998,2026-02-01 06:45:00+00:00,488.64419999999996,-0.2,0.0,stop
CUMMINSIND.NS,liquidity_sweep_long,1,2026-01-27,2026-01-28 03:45:00+00:00,4012.9054499999997,3873.63,4430.731799999999,2026-02-06 03:45:00+00:00,4285.225,6.586094349668782,1.955258805482239,stop
GAIL.NS,liquidity_sweep_long,1,2026-01-27,2026-01-28 03:45:00+00:00,158.829375,153.3125,175.38,2026-02-01 03:45:00+00:00,158.829375,-0.2,0.0,stop
HDBFS.NS,liquidity_sweep_long,1,2026-01-27,2026-01-28 03:45:00+00:00,708.1538999999999,685.91,774.8855999999997,2026-02-09 09:45:00+00:00,725.4,2.2353604491905035,0.7753181771182264,time
HDFCAMC.NS,liquidity_sweep_long,1,2026-01-27,2026-01-28 05:15:00+00:00,2399.5992,2350.27,2547.5868000000005,2026-02-01 03:45:00+00:00,2448.9284000000002,1.855726639682166,1.0,stop
LICI.NS,liquidity_sweep_long,1,2026-01-27,2026-01-28 04:45:00+00:00,397.248525,389.0025,421.9865999999999,2026-02-01 06:45:00+00:00,389.0025,-2.275784925821934,-1.0,stop
POLYCAB.NS,liquidity_sweep_long,1,2026-01-27,2026-01-28 05:15:00+00:00,6874.4355,6645.7,7560.641999999999,2026-02-03 03:45:00+00:00,7560.641999999999,9.782005067907022,3.0,target
PTCIL.NS,liquidity_sweep_long,1,2026-01-27,2026-01-28 03:45:00+00:00,17598.795,17008.8,19368.779999999995,2026-02-02 05:15:00+00:00,17598.795,-0.2,0.0,stop
RELIANCE.NS,liquidity_sweep_long,1,2026-01-27,2026-01-28 05:15:00+00:00,1402.60095,1365.4,1514.2037999999998,2026-02-01 06:45:00+00:00,1365.4,-2.852283245637323,-1.0,stop
CHOLAFIN.NS,liquidity_sweep_long,1,2026-01-29,2026-01-30 04:15:00+00:00,1661.9305499999998,1603.77,1836.4121999999993,2026-02-01 03:45:00+00:00,1603.77,-3.699577644805906,-1.0,stop
EXIDEIND.NS,liquidity_sweep_long,1,2026-01-29,2026-01-30 04:15:00+00:00,322.5612,312.185,353.68979999999993,2026-02-01 06:45:00+00:00,312.185,-3.41681590966303,-1.0,stop
KPITTECH.NS,liquidity_sweep_long,1,2026-02-06,2026-02-09 04:45:00+00:00,963.7816499999999,939.575,1036.4015999999995,2026-02-12 03:45:00+00:00,939.575,-2.7116321731172053,-1.0,stop
VBL.NS,liquidity_sweep_long,1,2026-02-06,2026-02-09 04:45:00+00:00,445.22249999999997,430.87,488.27999999999986,2026-02-16 03:45:00+00:00,445.22249999999997,-0.2,0.0,stop
APTUS.NS,liquidity_sweep_long,1,2026-02-16,2026-02-17 03:45:00+00:00,249.774825,242.04,272.97929999999997,2026-02-20 09:15:00+00:00,242.04,-3.296719214996948,-1.0,stop
YESBANK.NS,liquidity_sweep_long,1,2026-02-25,2026-02-26 03:45:00+00:00,21.19059,20.5325,23.164860000000004,2026-03-02 03:45:00+00:00,20.5325,-3.3055765790381555,-1.0,stop
BAJAJFINSV.NS,liquidity_sweep_long,1,2026-05-14,2026-05-15 05:15:00+00:00,1749.6743999999999,1709.995,1868.7125999999998,2026-05-18 03:45:00+00:00,1709.995,-2.467816229122401,-1.0,stop
TVSMOTOR.NS,liquidity_sweep_long,1,2026-05-19,2026-05-20 03:45:00+00:00,3323.2607999999996,3217.78,3639.7031999999977,2026-05-29 09:45:00+00:00,3323.2607999999996,-0.2,0.0,stop
EICHERMOT.NS,liquidity_sweep_long,1,2026-05-20,2026-05-21 04:45:00+00:00,6932.964749999999,6736.55,7522.208999999996,2026-05-29 06:15:00+00:00,7230.625,4.093404924639215,1.5154679065599825,stop
SOLARINDS.NS,liquidity_sweep_short,-1,2026-05-21,2026-05-22 05:15:00+00:00,18148.921000000002,18742.5,16368.184000000008,2026-05-27 09:45:00+00:00,18742.5,-3.470602147642815,-1.0,stop
MFSL.NS,liquidity_sweep_short,-1,2026-05-26,2026-05-27 03:45:00+00:00,1705.44685,1751.81,1566.3574000000003,2026-06-03 03:45:00+00:00,1566.3574000000003,7.955601565654169,3.0,target
DMART.NS,liquidity_sweep_long,1,2026-06-02,2026-06-03 03:45:00+00:00,4077.8379,3980.7900000000004,4368.981599999999,2026-06-08 09:15:00+00:00,4077.8379,-0.2,0.0,stop
ESCORTS.NS,liquidity_sweep_long,1,2026-06-02,2026-06-03 03:45:00+00:00,2775.68715,2690.435,3031.443600000001,2026-06-16 09:45:00+00:00,2843.0,2.2250877841186028,0.7895736353863169,time
NESTLEIND.NS,liquidity_sweep_long,1,2026-06-02,2026-06-03 03:45:00+00:00,1407.40335,1365.3999999999999,1533.4134000000006,2026-06-12 05:15:00+00:00,1407.40335,-0.2,0.0,stop
ONGC.NS,liquidity_sweep_long,1,2026-06-02,2026-06-03 03:45:00+00:00,268.63425,260.4275,293.2545,2026-06-09 07:45:00+00:00,260.4275,-3.254990195777344,-1.0,stop
ALKEM.NS,liquidity_sweep_long,1,2026-06-03,2026-06-04 04:15:00+00:00,5310.1537499999995,5147.25,5798.864999999998,2026-06-17 09:45:00+00:00,5340.0,0.3620599968503833,0.18321401441035337,time
BANKBARODA.NS,liquidity_sweep_short,-1,2026-06-05,2026-06-08 04:15:00+00:00,262.0689,270.0,238.27559999999994,2026-06-09 06:15:00+00:00,270.0,-3.2263415460590767,-1.0,stop
JSWINFRA.NS,liquidity_sweep_short,-1,2026-06-19,2026-06-22 03:45:00+00:00,305.74705,313.74,281.7682,2026-06-23 03:45:00+00:00,313.74,-2.814236179874837,-1.0,stop
SAMMAANCAP.NS,liquidity_sweep_long,1,2026-06-29,2026-06-30 03:45:00+00:00,171.62577,165.8275,189.02058,2026-07-07 04:15:00+00:00,171.62577,-0.2,0.0,stop
VMM.NS,liquidity_sweep_long,1,2026-06-29,2026-06-30 05:15:00+00:00,117.01847999999998,113.225,128.39891999999995,2026-07-07 03:45:00+00:00,117.01847999999998,-0.2,0.0,stop
IRFC.NS,liquidity_sweep_long,1,2026-06-30,2026-07-01 05:15:00+00:00,91.635795,89.99,96.57318000000002,2026-07-06 03:45:00+00:00,89.99,-1.996017593343307,-1.0,stop
PATANJALI.NS,liquidity_sweep_long,1,2026-06-30,2026-07-01 03:45:00+00:00,414.35707499999995,405.47,441.0182999999997,2026-07-14 09:45:00+00:00,407.4,-1.8790047569478512,-0.7828306838864344,time
PERSISTENT.NS,liquidity_sweep_long,1,2026-06-30,2026-07-01 04:45:00+00:00,4369.1835,4227.725,4793.558999999999,2026-07-07 03:45:00+00:00,4793.558999999999,9.512924623101759,3.0,target
SWIGGY.NS,liquidity_sweep_long,1,2026-06-30,2026-07-01 03:45:00+00:00,242.050965,234.8425,263.67635999999993,2026-07-07 07:15:00+00:00,263.67635999999993,8.73423209446818,2.999999999999996,target
SUPREMEIND.NS,liquidity_sweep_long,1,2026-07-01,2026-07-02 04:15:00+00:00,3245.72205,3132.97,3583.9782,2026-07-15 09:45:00+00:00,3450.0,6.093759812242708,1.8117448862348848,time
DIVISLAB.NS,liquidity_sweep_short,-1,2026-07-16,2026-07-17 03:45:00+00:00,7240.877750000001,7403.575,6752.786000000003,2026-07-20 06:15:00+00:00,7403.575,-2.4469271767500738,-1.0,stop
ENDURANCE.NS,liquidity_sweep_short,-1,2026-07-16,2026-07-17 03:45:00+00:00,2718.14025,2806.455,2453.196,2026-07-27 06:15:00+00:00,2718.14025,-0.2,-0.0,stop
ACC.NS,liquidity_sweep_long,1,2026-07-24,2026-07-27 03:45:00+00:00,1356.4778999999999,1309.17,1498.4015999999992,2026-08-07 09:45:00+00:00,1366.5,0.5388325309243991,0.21184833822681162,time
MAXHEALTH.NS,liquidity_sweep_long,1,2026-08-06,2026-08-07 04:15:00+00:00,1082.3409,1061.6899999999998,1144.2936000000002,2026-08-10 09:15:00+00:00,1061.6899999999998,-2.1079848132875783,-1.0,stop
NSLNISP.NS,liquidity_sweep_short,-1,2026-08-06,2026-08-07 03:45:00+00:00,44.3778,45.4905,41.03970000000001,2026-08-14 03:45:00+00:00,45.4905,-2.707334748455301,-1.0,stop
INDIANB.NS,liquidity_sweep_short,-1,2026-08-10,2026-08-11 03:45:00+00:00,875.8118750000001,903.8325,791.7500000000005,2026-08-24 09:15:00+00:00,866.6,0.8518097850637245,0.32875337363103485,time
TITAN.NS,liquidity_sweep_short,-1,2026-08-11,2026-08-12 04:15:00+00:00,5069.8638,5174.01,4757.4252,2026-08-25 09:15:00+00:00,5112.0,-1.0311110842859312,-0.4045870132563633,time
COCHINSHIP.NS,liquidity_sweep_short,-1,2026-08-13,2026-08-14 05:15:00+00:00,1493.6528,1539.4,1356.4112,2026-08-26 03:45:00+00:00,1539.4,-3.2627733566997645,-1.0,stop
BIKAJI.NS,liquidity_sweep_long,1,2026-08-25,2026-08-26 04:15:00+00:00,615.5576249999999,596.9075,671.5079999999996,2026-08-27 09:15:00+00:00,615.5576249999999,-0.2,0.0,stop
PIIND.NS,liquidity_sweep_long,1,2026-08-25,2026-08-26 04:15:00+00:00,2527.263,2448.605,2763.2369999999996,2026-08-28 08:15:00+00:00,2448.605,-3.312378885774845,-1.0,stop
POWERGRID.NS,liquidity_sweep_long,1,2026-09-01,2026-09-02 04:45:00+00:00,266.23305,261.3025,281.02469999999994,2026-09-10 09:15:00+00:00,270.95,1.5717372054296028,0.9566782610459308,time
JSWCEMENT.NS,liquidity_sweep_long,1,2026-09-03,2026-09-04 04:15:00+00:00,124.70232,122.0975,132.51678,2026-09-07 08:45:00+00:00,122.0975,-2.288830424325709,-1.0,stop
CUMMINSIND.NS,liquidity_sweep_long,1,2026-09-08,2026-09-09 04:15:00+00:00,5128.563,4956.0,5646.252,2026-09-10 09:15:00+00:00,5184.0,0.8809460661787698,0.3212565845517282,time
